ID,Nome do Presente,Valor (R$),Imagem
1,Café da manhã especial #1,110.0,https://via.placeholder.com/300x200?text=Café+da+Manhã
2,Jantar romântico #2,250.0,https://via.placeholder.com/300x200?text=Jantar+Romântico
3,Dia de SPA #3,300.0,https://via.placeholder.com/300x200?text=Dia+de+SPA
4,Passeio à praia #4,300.0,https://via.placeholder.com/300x200?text=Praia
5,Mini álbum de fotos #5,200.0,https://via.placeholder.com/300x200?text=Álbum+de+Fotos
6,Degustação de vinhos #6,600.0,https://via.placeholder.com/300x200?text=Vinhos
7,Passagem na lua de mel #7,1000.0,https://via.placeholder.com/300x200?text=Passagem
8,Equipamento home office #8,2250.0,https://via.placeholder.com/300x200?text=Home+Office
9,Café da manhã especial #9,110.0,https://via.placeholder.com/300x200?text=Café+da+Manhã
10,Jantar romântico #10,250.0,https://via.placeholder.com/300x200?text=Jantar+Romântico
11,Dia de SPA #11,300.0,https://via.placeholder.com/300x200?text=Dia+de+SPA
12,Passeio à praia #12,300.0,https://via.placeholder.com/300x200?text=Praia
13,Mini álbum de fotos #13,200.0,https://via.placeholder.com/300x200?text=Álbum+de+Fotos
14,Degustação de vinhos #14,600.0,https://via.placeholder.com/300x200?text=Vinhos
15,Passagem na lua de mel #15,1000.0,https://via.placeholder.com/300x200?text=Passagem
16,Equipamento home office #16,2250.0,https://via.placeholder.com/300x200?text=Home+Office
17,Café da manhã especial #17,110.0,https://via.placeholder.com/300x200?text=Café+da+Manhã
18,Jantar romântico #18,250.0,https://via.placeholder.com/300x200?text=Jantar+Romântico
19,Dia de SPA #19,300.0,https://via.placeholder.com/300x200?text=Dia+de+SPA
20,Passeio à praia #20,300.0,https://via.placeholder.com/300x200?text=Praia
21,Mini álbum de fotos #21,200.0,https://via.placeholder.com/300x200?text=Álbum+de+Fotos
22,Degustação de vinhos #22,600.0,https://via.placeholder.com/300x200?text=Vinhos
23,Passagem na lua de mel #23,1000.0,https://via.placeholder.com/300x200?text=Passagem
24,Equipamento home office #24,2250.0,https://via.placeholder.com/300x200?text=Home+Office
25,Café da manhã especial #25,110.0,https://via.placeholder.com/300x200?text=Café+da+Manhã
26,Jantar romântico #26,250.0,https://via.placeholder.com/300x200?text=Jantar+Romântico
27,Dia de SPA #27,300.0,https://via.placeholder.com/300x200?text=Dia+de+SPA
28,Passeio à praia #28,300.0,https://via.placeholder.com/300x200?text=Praia
29,Mini álbum de fotos #29,200.0,https://via.placeholder.com/300x200?text=Álbum+de+Fotos
30,Degustação de vinhos #30,600.0,https://via.placeholder.com/300x200?text=Vinhos
31,Passagem na lua de mel #31,1000.0,https://via.placeholder.com/300x200?text=Passagem
32,Equipamento home office #32,2250.0,https://via.placeholder.com/300x200?text=Home+Office
33,Café da manhã especial #33,110.0,https://via.placeholder.com/300x200?text=Café+da+Manhã
34,Jantar romântico #34,250.0,https://via.placeholder.com/300x200?text=Jantar+Romântico
35,Dia de SPA #35,300.0,https://via.placeholder.com/300x200?text=Dia+de+SPA
36,Passeio à praia #36,300.0,https://via.placeholder.com/300x200?text=Praia
37,Mini álbum de fotos #37,200.0,https://via.placeholder.com/300x200?text=Álbum+de+Fotos
38,Degustação de vinhos #38,600.0,https://via.placeholder.com/300x200?text=Vinhos
39,Passagem na lua de mel #39,1000.0,https://via.placeholder.com/300x200?text=Passagem
40,Equipamento home office #40,2250.0,https://via.placeholder.com/300x200?text=Home+Office
41,Café da manhã especial #41,110.0,https://via.placeholder.com/300x200?text=Café+da+Manhã
42,Jantar romântico #42,250.0,https://via.placeholder.com/300x200?text=Jantar+Romântico
43,Dia de SPA #43,300.0,https://via.placeholder.com/300x200?text=Dia+de+SPA
44,Passeio à praia #44,300.0,https://via.placeholder.com/300x200?text=Praia
45,Mini álbum de fotos #45,200.0,https://via.placeholder.com/300x200?text=Álbum+de+Fotos
46,Degustação de vinhos #46,600.0,https://via.placeholder.com/300x200?text=Vinhos
47,Passagem na lua de mel #47,1000.0,https://via.placeholder.com/300x200?text=Passagem
48,Equipamento home office #48,2250.0,https://via.placeholder.com/300x200?text=Home+Office
49,Café da manhã especial #49,110.0,https://via.placeholder.com/300x200?text=Café+da+Manhã
50,Jantar romântico #50,250.0,https://via.placeholder.com/300x200?text=Jantar+Romântico
51,Dia de SPA #51,300.0,https://via.placeholder.com/300x200?text=Dia+de+SPA
52,Passeio à praia #52,300.0,https://via.placeholder.com/300x200?text=Praia
53,Mini álbum de fotos #53,200.0,https://via.placeholder.com/300x200?text=Álbum+de+Fotos
54,Degustação de vinhos #54,600.0,https://via.placeholder.com/300x200?text=Vinhos
55,Passagem na lua de mel #55,1000.0,https://via.placeholder.com/300x200?text=Passagem
56,Equipamento home office #56,2250.0,https://via.placeholder.com/300x200?text=Home+Office
57,Café da manhã especial #57,110.0,https://via.placeholder.com/300x200?text=Café+da+Manhã
58,Jantar romântico #58,250.0,https://via.placeholder.com/300x200?text=Jantar+Romântico
59,Dia de SPA #59,300.0,https://via.placeholder.com/300x200?text=Dia+de+SPA
60,Passeio à praia #60,300.0,https://via.placeholder.com/300x200?text=Praia
61,Mini álbum de fotos #61,200.0,https://via.placeholder.com/300x200?text=Álbum+de+Fotos
62,Degustação de vinhos #62,600.0,https://via.placeholder.com/300x200?text=Vinhos
63,Passagem na lua de mel #63,1000.0,https://via.placeholder.com/300x200?text=Passagem
64,Equipamento home office #64,2250.0,https://via.placeholder.com/300x200?text=Home+Office
65,Café da manhã especial #65,110.0,https://via.placeholder.com/300x200?text=Café+da+Manhã
66,Jantar romântico #66,250.0,https://via.placeholder.com/300x200?text=Jantar+Romântico
67,Dia de SPA #67,300.0,https://via.placeholder.com/300x200?text=Dia+de+SPA
68,Passeio à praia #68,300.0,https://via.placeholder.com/300x200?text=Praia
69,Mini álbum de fotos #69,200.0,https://via.placeholder.com/300x200?text=Álbum+de+Fotos
70,Degustação de vinhos #70,600.0,https://via.placeholder.com/300x200?text=Vinhos
71,Passagem na lua de mel #71,1000.0,https://via.placeholder.com/300x200?text=Passagem
72,Equipamento home office #72,2250.0,https://via.placeholder.com/300x200?text=Home+Office
73,Café da manhã especial #73,110.0,https://via.placeholder.com/300x200?text=Café+da+Manhã
74,Jantar romântico #74,250.0,https://via.placeholder.com/300x200?text=Jantar+Romântico
75,Dia de SPA #75,300.0,https://via.placeholder.com/300x200?text=Dia+de+SPA
76,Passeio à praia #76,300.0,https://via.placeholder.com/300x200?text=Praia
77,Mini álbum de fotos #77,200.0,https://via.placeholder.com/300x200?text=Álbum+de+Fotos
78,Degustação de vinhos #78,600.0,https://via.placeholder.com/300x200?text=Vinhos
79,Passagem na lua de mel #79,1000.0,https://via.placeholder.com/300x200?text=Passagem
80,Equipamento home office #80,2250.0,https://via.placeholder.com/300x200?text=Home+Office
81,Café da manhã especial #81,110.0,https://via.placeholder.com/300x200?text=Café+da+Manhã
82,Jantar romântico #82,250.0,https://via.placeholder.com/300x200?text=Jantar+Romântico
83,Dia de SPA #83,300.0,https://via.placeholder.com/300x200?text=Dia+de+SPA
84,Passeio à praia #84,300.0,https://via.placeholder.com/300x200?text=Praia
85,Mini álbum de fotos #85,200.0,https://via.placeholder.com/300x200?text=Álbum+de+Fotos
86,Degustação de vinhos #86,600.0,https://via.placeholder.com/300x200?text=Vinhos
87,Passagem na lua de mel #87,1000.0,https://via.placeholder.com/300x200?text=Passagem
88,Equipamento home office #88,2250.0,https://via.placeholder.com/300x200?text=Home+Office
89,Café da manhã especial #89,110.0,https://via.placeholder.com/300x200?text=Café+da+Manhã
90,Jantar romântico #90,250.0,https://via.placeholder.com/300x200?text=Jantar+Romântico
91,Dia de SPA #91,300.0,https://via.placeholder.com/300x200?text=Dia+de+SPA
92,Passeio à praia #92,300.0,https://via.placeholder.com/300x200?text=Praia
93,Mini álbum de fotos #93,200.0,https://via.placeholder.com/300x200?text=Álbum+de+Fotos
94,Degustação de vinhos #94,600.0,https://via.placeholder.com/300x200?text=Vinhos
95,Passagem na lua de mel #95,1000.0,https://via.placeholder.com/300x200?text=Passagem
96,Equipamento home office #96,2250.0,https://via.placeholder.com/300x200?text=Home+Office
97,Café da manhã especial #97,110.0,https://via.placeholder.com/300x200?text=Café+da+Manhã
98,Jantar romântico #98,250.0,https://via.placeholder.com/300x200?text=Jantar+Romântico
99,Dia de SPA #99,300.0,https://via.placeholder.com/300x200?text=Dia+de+SPA
100,Passeio à praia #100,300.0,https://via.placeholder.com/300x200?text=Praia
101,Mini álbum de fotos #101,200.0,https://via.placeholder.com/300x200?text=Álbum+de+Fotos
102,Degustação de vinhos #102,600.0,https://via.placeholder.com/300x200?text=Vinhos
103,Passagem na lua de mel #103,1000.0,https://via.placeholder.com/300x200?text=Passagem
104,Equipamento home office #104,2250.0,https://via.placeholder.com/300x200?text=Home+Office
105,Café da manhã especial #105,110.0,https://via.placeholder.com/300x200?text=Café+da+Manhã
106,Jantar romântico #106,250.0,https://via.placeholder.com/300x200?text=Jantar+Romântico
107,Dia de SPA #107,300.0,https://via.placeholder.com/300x200?text=Dia+de+SPA
108,Passeio à praia #108,300.0,https://via.placeholder.com/300x200?text=Praia
109,Mini álbum de fotos #109,200.0,https://via.placeholder.com/300x200?text=Álbum+de+Fotos
110,Degustação de vinhos #110,600.0,https://via.placeholder.com/300x200?text=Vinhos
111,Passagem na lua de mel #111,1000.0,https://via.placeholder.com/300x200?text=Passagem
112,Equipamento home office #112,2250.0,https://via.placeholder.com/300x200?text=Home+Office
113,Café da manhã especial #113,110.0,https://via.placeholder.com/300x200?text=Café+da+Manhã
114,Jantar romântico #114,250.0,https://via.placeholder.com/300x200?text=Jantar+Romântico
115,Dia de SPA #115,300.0,https://via.placeholder.com/300x200?text=Dia+de+SPA
116,Passeio à praia #116,300.0,https://via.placeholder.com/300x200?text=Praia
117,Mini álbum de fotos #117,200.0,https://via.placeholder.com/300x200?text=Álbum+de+Fotos
118,Degustação de vinhos #118,600.0,https://via.placeholder.com/300x200?text=Vinhos
119,Passagem na lua de mel #119,1000.0,https://via.placeholder.com/300x200?text=Passagem
120,Equipamento home office #120,2250.0,https://via.placeholder.com/300x200?text=Home+Office
121,Café da manhã especial #121,110.0,https://via.placeholder.com/300x200?text=Café+da+Manhã
122,Jantar romântico #122,250.0,https://via.placeholder.com/300x200?text=Jantar+Romântico
123,Dia de SPA #123,300.0,https://via.placeholder.com/300x200?text=Dia+de+SPA
124,Passeio à praia #124,300.0,https://via.placeholder.com/300x200?text=Praia
125,Mini álbum de fotos #125,200.0,https://via.placeholder.com/300x200?text=Álbum+de+Fotos
126,Degustação de vinhos #126,600.0,https://via.placeholder.com/300x200?text=Vinhos
127,Passagem na lua de mel #127,1000.0,https://via.placeholder.com/300x200?text=Passagem
128,Equipamento home office #128,2250.0,https://via.placeholder.com/300x200?text=Home+Office
129,Café da manhã especial #129,110.0,https://via.placeholder.com/300x200?text=Café+da+Manhã
130,Jantar romântico #130,250.0,https://via.placeholder.com/300x200?text=Jantar+Romântico
131,Dia de SPA #131,300.0,https://via.placeholder.com/300x200?text=Dia+de+SPA
132,Passeio à praia #132,300.0,https://via.placeholder.com/300x200?text=Praia
133,Mini álbum de fotos #133,200.0,https://via.placeholder.com/300x200?text=Álbum+de+Fotos
134,Degustação de vinhos #134,600.0,https://via.placeholder.com/300x200?text=Vinhos
135,Passagem na lua de mel #135,1000.0,https://via.placeholder.com/300x200?text=Passagem
136,Equipamento home office #136,2250.0,https://via.placeholder.com/300x200?text=Home+Office
137,Café da manhã especial #137,110.0,https://via.placeholder.com/300x200?text=Café+da+Manhã
138,Jantar romântico #138,250.0,https://via.placeholder.com/300x200?text=Jantar+Romântico
139,Dia de SPA #139,300.0,https://via.placeholder.com/300x200?text=Dia+de+SPA
140,Passeio à praia #140,300.0,https://via.placeholder.com/300x200?text=Praia
141,Mini álbum de fotos #141,200.0,https://via.placeholder.com/300x200?text=Álbum+de+Fotos
142,Degustação de vinhos #142,600.0,https://via.placeholder.com/300x200?text=Vinhos
143,Passagem na lua de mel #143,1000.0,https://via.placeholder.com/300x200?text=Passagem
144,Equipamento home office #144,2250.0,https://via.placeholder.com/300x200?text=Home+Office
145,Café da manhã especial #145,110.0,https://via.placeholder.com/300x200?text=Café+da+Manhã
146,Jantar romântico #146,250.0,https://via.placeholder.com/300x200?text=Jantar+Romântico
147,Dia de SPA #147,300.0,https://via.placeholder.com/300x200?text=Dia+de+SPA
148,Passeio à praia #148,300.0,https://via.placeholder.com/300x200?text=Praia
149,Mini álbum de fotos #149,200.0,https://via.placeholder.com/300x200?text=Álbum+de+Fotos
150,Degustação de vinhos #150,600.0,https://via.placeholder.com/300x200?text=Vinhos
151,Passagem na lua de mel #151,1000.0,https://via.placeholder.com/300x200?text=Passagem
152,Equipamento home office #152,2250.0,https://via.placeholder.com/300x200?text=Home+Office
153,Café da manhã especial #153,110.0,https://via.placeholder.com/300x200?text=Café+da+Manhã
154,Jantar romântico #154,250.0,https://via.placeholder.com/300x200?text=Jantar+Romântico
155,Dia de SPA #155,300.0,https://via.placeholder.com/300x200?text=Dia+de+SPA
156,Passeio à praia #156,300.0,https://via.placeholder.com/300x200?text=Praia
157,Mini álbum de fotos #157,200.0,https://via.placeholder.com/300x200?text=Álbum+de+Fotos
158,Degustação de vinhos #158,600.0,https://via.placeholder.com/300x200?text=Vinhos
159,Passagem na lua de mel #159,1000.0,https://via.placeholder.com/300x200?text=Passagem
160,Equipamento home office #160,2250.0,https://via.placeholder.com/300x200?text=Home+Office
161,Café da manhã especial #161,110.0,https://via.placeholder.com/300x200?text=Café+da+Manhã
162,Jantar romântico #162,250.0,https://via.placeholder.com/300x200?text=Jantar+Romântico
163,Dia de SPA #163,300.0,https://via.placeholder.com/300x200?text=Dia+de+SPA
164,Passeio à praia #164,300.0,https://via.placeholder.com/300x200?text=Praia
165,Mini álbum de fotos #165,200.0,https://via.placeholder.com/300x200?text=Álbum+de+Fotos
166,Degustação de vinhos #166,600.0,https://via.placeholder.com/300x200?text=Vinhos
167,Passagem na lua de mel #167,1000.0,https://via.placeholder.com/300x200?text=Passagem
168,Equipamento home office #168,2250.0,https://via.placeholder.com/300x200?text=Home+Office
169,Café da manhã especial #169,110.0,https://via.placeholder.com/300x200?text=Café+da+Manhã
170,Jantar romântico #170,250.0,https://via.placeholder.com/300x200?text=Jantar+Romântico
171,Dia de SPA #171,300.0,https://via.placeholder.com/300x200?text=Dia+de+SPA
172,Passeio à praia #172,300.0,https://via.placeholder.com/300x200?text=Praia
173,Mini álbum de fotos #173,200.0,https://via.placeholder.com/300x200?text=Álbum+de+Fotos
174,Degustação de vinhos #174,600.0,https://via.placeholder.com/300x200?text=Vinhos
175,Passagem na lua de mel #175,1000.0,https://via.placeholder.com/300x200?text=Passagem
176,Equipamento home office #176,2250.0,https://via.placeholder.com/300x200?text=Home+Office
177,Café da manhã especial #177,110.0,https://via.placeholder.com/300x200?text=Café+da+Manhã
178,Jantar romântico #178,250.0,https://via.placeholder.com/300x200?text=Jantar+Romântico
179,Dia de SPA #179,300.0,https://via.placeholder.com/300x200?text=Dia+de+SPA
180,Passeio à praia #180,300.0,https://via.placeholder.com/300x200?text=Praia
181,Mini álbum de fotos #181,200.0,https://via.placeholder.com/300x200?text=Álbum+de+Fotos
182,Degustação de vinhos #182,600.0,https://via.placeholder.com/300x200?text=Vinhos
183,Passagem na lua de mel #183,1000.0,https://via.placeholder.com/300x200?text=Passagem
184,Equipamento home office #184,2250.0,https://via.placeholder.com/300x200?text=Home+Office
185,Café da manhã especial #185,110.0,https://via.placeholder.com/300x200?text=Café+da+Manhã
186,Jantar romântico #186,250.0,https://via.placeholder.com/300x200?text=Jantar+Romântico
187,Dia de SPA #187,300.0,https://via.placeholder.com/300x200?text=Dia+de+SPA
188,Passeio à praia #188,300.0,https://via.placeholder.com/300x200?text=Praia
189,Mini álbum de fotos #189,200.0,https://via.placeholder.com/300x200?text=Álbum+de+Fotos
190,Degustação de vinhos #190,600.0,https://via.placeholder.com/300x200?text=Vinhos
191,Passagem na lua de mel #191,1000.0,https://via.placeholder.com/300x200?text=Passagem
192,Equipamento home office #192,2250.0,https://via.placeholder.com/300x200?text=Home+Office
193,Café da manhã especial #193,110.0,https://via.placeholder.com/300x200?text=Café+da+Manhã
194,Jantar romântico #194,250.0,https://via.placeholder.com/300x200?text=Jantar+Romântico
195,Dia de SPA #195,300.0,https://via.placeholder.com/300x200?text=Dia+de+SPA
196,Passeio à praia #196,300.0,https://via.placeholder.com/300x200?text=Praia
197,Mini álbum de fotos #197,200.0,https://via.placeholder.com/300x200?text=Álbum+de+Fotos
198,Degustação de vinhos #198,600.0,https://via.placeholder.com/300x200?text=Vinhos
199,Passagem na lua de mel #199,1000.0,https://via.placeholder.com/300x200?text=Passagem
200,Equipamento home office #200,2250.0,https://via.placeholder.com/300x200?text=Home+Office
201,Café da manhã especial #201,110.0,https://via.placeholder.com/300x200?text=Café+da+Manhã
202,Jantar romântico #202,250.0,https://via.placeholder.com/300x200?text=Jantar+Romântico
203,Dia de SPA #203,300.0,https://via.placeholder.com/300x200?text=Dia+de+SPA
204,Passeio à praia #204,300.0,https://via.placeholder.com/300x200?text=Praia
205,Mini álbum de fotos #205,200.0,https://via.placeholder.com/300x200?text=Álbum+de+Fotos
206,Degustação de vinhos #206,600.0,https://via.placeholder.com/300x200?text=Vinhos
207,Passagem na lua de mel #207,1000.0,https://via.placeholder.com/300x200?text=Passagem
208,Equipamento home office #208,2250.0,https://via.placeholder.com/300x200?text=Home+Office
209,Café da manhã especial #209,110.0,https://via.placeholder.com/300x200?text=Café+da+Manhã
210,Jantar romântico #210,250.0,https://via.placeholder.com/300x200?text=Jantar+Romântico
211,Dia de SPA #211,300.0,https://via.placeholder.com/300x200?text=Dia+de+SPA
212,Passeio à praia #212,300.0,https://via.placeholder.com/300x200?text=Praia
213,Mini álbum de fotos #213,200.0,https://via.placeholder.com/300x200?text=Álbum+de+Fotos
214,Degustação de vinhos #214,600.0,https://via.placeholder.com/300x200?text=Vinhos
215,Passagem na lua de mel #215,1000.0,https://via.placeholder.com/300x200?text=Passagem
216,Equipamento home office #216,2250.0,https://via.placeholder.com/300x200?text=Home+Office
217,Café da manhã especial #217,110.0,https://via.placeholder.com/300x200?text=Café+da+Manhã
218,Jantar romântico #218,250.0,https://via.placeholder.com/300x200?text=Jantar+Romântico
219,Dia de SPA #219,300.0,https://via.placeholder.com/300x200?text=Dia+de+SPA
220,Passeio à praia #220,300.0,https://via.placeholder.com/300x200?text=Praia
221,Mini álbum de fotos #221,200.0,https://via.placeholder.com/300x200?text=Álbum+de+Fotos
222,Degustação de vinhos #222,600.0,https://via.placeholder.com/300x200?text=Vinhos
223,Passagem na lua de mel #223,1000.0,https://via.placeholder.com/300x200?text=Passagem
224,Equipamento home office #224,2250.0,https://via.placeholder.com/300x200?text=Home+Office
225,Café da manhã especial #225,110.0,https://via.placeholder.com/300x200?text=Café+da+Manhã
226,Jantar romântico #226,250.0,https://via.placeholder.com/300x200?text=Jantar+Romântico
227,Dia de SPA #227,300.0,https://via.placeholder.com/300x200?text=Dia+de+SPA
228,Passeio à praia #228,300.0,https://via.placeholder.com/300x200?text=Praia
229,Mini álbum de fotos #229,200.0,https://via.placeholder.com/300x200?text=Álbum+de+Fotos
230,Degustação de vinhos #230,600.0,https://via.placeholder.com/300x200?text=Vinhos
231,Passagem na lua de mel #231,1000.0,https://via.placeholder.com/300x200?text=Passagem
232,Equipamento home office #232,2250.0,https://via.placeholder.com/300x200?text=Home+Office
233,Café da manhã especial #233,110.0,https://via.placeholder.com/300x200?text=Café+da+Manhã
234,Jantar romântico #234,250.0,https://via.placeholder.com/300x200?text=Jantar+Romântico
235,Dia de SPA #235,300.0,https://via.placeholder.com/300x200?text=Dia+de+SPA
236,Passeio à praia #236,300.0,https://via.placeholder.com/300x200?text=Praia
237,Mini álbum de fotos #237,200.0,https://via.placeholder.com/300x200?text=Álbum+de+Fotos
238,Degustação de vinhos #238,600.0,https://via.placeholder.com/300x200?text=Vinhos
239,Passagem na lua de mel #239,1000.0,https://via.placeholder.com/300x200?text=Passagem
240,Equipamento home office #240,2250.0,https://via.placeholder.com/300x200?text=Home+Office
241,Café da manhã especial #241,110.0,https://via.placeholder.com/300x200?text=Café+da+Manhã
242,Jantar romântico #242,250.0,https://via.placeholder.com/300x200?text=Jantar+Romântico
243,Dia de SPA #243,300.0,https://via.placeholder.com/300x200?text=Dia+de+SPA
244,Passeio à praia #244,300.0,https://via.placeholder.com/300x200?text=Praia
245,Mini álbum de fotos #245,200.0,https://via.placeholder.com/300x200?text=Álbum+de+Fotos
246,Degustação de vinhos #246,600.0,https://via.placeholder.com/300x200?text=Vinhos
247,Passagem na lua de mel #247,1000.0,https://via.placeholder.com/300x200?text=Passagem
248,Equipamento home office #248,2250.0,https://via.placeholder.com/300x200?text=Home+Office
249,Café da manhã especial #249,110.0,https://via.placeholder.com/300x200?text=Café+da+Manhã
250,Jantar romântico #250,250.0,https://via.placeholder.com/300x200?text=Jantar+Romântico
251,Dia de SPA #251,300.0,https://via.placeholder.com/300x200?text=Dia+de+SPA
252,Passeio à praia #252,300.0,https://via.placeholder.com/300x200?text=Praia
253,Mini álbum de fotos #253,200.0,https://via.placeholder.com/300x200?text=Álbum+de+Fotos
254,Degustação de vinhos #254,600.0,https://via.placeholder.com/300x200?text=Vinhos
255,Passagem na lua de mel #255,1000.0,https://via.placeholder.com/300x200?text=Passagem
256,Equipamento home office #256,2250.0,https://via.placeholder.com/300x200?text=Home+Office
257,Café da manhã especial #257,110.0,https://via.placeholder.com/300x200?text=Café+da+Manhã
258,Jantar romântico #258,250.0,https://via.placeholder.com/300x200?text=Jantar+Romântico
259,Dia de SPA #259,300.0,https://via.placeholder.com/300x200?text=Dia+de+SPA
260,Passeio à praia #260,300.0,https://via.placeholder.com/300x200?text=Praia
261,Mini álbum de fotos #261,200.0,https://via.placeholder.com/300x200?text=Álbum+de+Fotos
262,Degustação de vinhos #262,600.0,https://via.placeholder.com/300x200?text=Vinhos
263,Passagem na lua de mel #263,1000.0,https://via.placeholder.com/300x200?text=Passagem
264,Equipamento home office #264,2250.0,https://via.placeholder.com/300x200?text=Home+Office
265,Café da manhã especial #265,110.0,https://via.placeholder.com/300x200?text=Café+da+Manhã
266,Jantar romântico #266,250.0,https://via.placeholder.com/300x200?text=Jantar+Romântico
267,Dia de SPA #267,300.0,https://via.placeholder.com/300x200?text=Dia+de+SPA
268,Passeio à praia #268,300.0,https://via.placeholder.com/300x200?text=Praia
269,Mini álbum de fotos #269,200.0,https://via.placeholder.com/300x200?text=Álbum+de+Fotos
270,Degustação de vinhos #270,600.0,https://via.placeholder.com/300x200?text=Vinhos
271,Passagem na lua de mel #271,1000.0,https://via.placeholder.com/300x200?text=Passagem
272,Equipamento home office #272,2250.0,https://via.placeholder.com/300x200?text=Home+Office
273,Café da manhã especial #273,110.0,https://via.placeholder.com/300x200?text=Café+da+Manhã
274,Jantar romântico #274,250.0,https://via.placeholder.com/300x200?text=Jantar+Romântico
275,Dia de SPA #275,300.0,https://via.placeholder.com/300x200?text=Dia+de+SPA
276,Passeio à praia #276,300.0,https://via.placeholder.com/300x200?text=Praia
277,Mini álbum de fotos #277,200.0,https://via.placeholder.com/300x200?text=Álbum+de+Fotos
278,Degustação de vinhos #278,600.0,https://via.placeholder.com/300x200?text=Vinhos
279,Passagem na lua de mel #279,1000.0,https://via.placeholder.com/300x200?text=Passagem
280,Equipamento home office #280,2250.0,https://via.placeholder.com/300x200?text=Home+Office
281,Café da manhã especial #281,110.0,https://via.placeholder.com/300x200?text=Café+da+Manhã
282,Jantar romântico #282,250.0,https://via.placeholder.com/300x200?text=Jantar+Romântico
283,Dia de SPA #283,300.0,https://via.placeholder.com/300x200?text=Dia+de+SPA
284,Passeio à praia #284,300.0,https://via.placeholder.com/300x200?text=Praia
285,Mini álbum de fotos #285,200.0,https://via.placeholder.com/300x200?text=Álbum+de+Fotos
286,Degustação de vinhos #286,600.0,https://via.placeholder.com/300x200?text=Vinhos
287,Passagem na lua de mel #287,1000.0,https://via.placeholder.com/300x200?text=Passagem
288,Equipamento home office #288,2250.0,https://via.placeholder.com/300x200?text=Home+Office
289,Café da manhã especial #289,110.0,https://via.placeholder.com/300x200?text=Café+da+Manhã
290,Jantar romântico #290,250.0,https://via.placeholder.com/300x200?text=Jantar+Romântico
291,Dia de SPA #291,300.0,https://via.placeholder.com/300x200?text=Dia+de+SPA
292,Passeio à praia #292,300.0,https://via.placeholder.com/300x200?text=Praia
293,Mini álbum de fotos #293,200.0,https://via.placeholder.com/300x200?text=Álbum+de+Fotos
294,Degustação de vinhos #294,600.0,https://via.placeholder.com/300x200?text=Vinhos
295,Passagem na lua de mel #295,1000.0,https://via.placeholder.com/300x200?text=Passagem
296,Equipamento home office #296,2250.0,https://via.placeholder.com/300x200?text=Home+Office
297,Café da manhã especial #297,110.0,https://via.placeholder.com/300x200?text=Café+da+Manhã
298,Jantar romântico #298,250.0,https://via.placeholder.com/300x200?text=Jantar+Romântico
299,Dia de SPA #299,300.0,https://via.placeholder.com/300x200?text=Dia+de+SPA
300,Passeio à praia #300,300.0,https://via.placeholder.com/300x200?text=Praia
